-- phpMyAdmin SQL Dump
-- version 4.9.0.1
-- https://www.phpmyadmin.net/
--
-- Host: 127.0.0.1
-- Generation Time: Sep 05, 2019 at 02:24 PM
-- Server version: 10.3.16-MariaDB
-- PHP Version: 7.1.30

SET SQL_MODE = "NO_AUTO_VALUE_ON_ZERO";
SET AUTOCOMMIT = 0;
START TRANSACTION;
SET time_zone = "+00:00";


/*!40101 SET @OLD_CHARACTER_SET_CLIENT=@@CHARACTER_SET_CLIENT */;
/*!40101 SET @OLD_CHARACTER_SET_RESULTS=@@CHARACTER_SET_RESULTS */;
/*!40101 SET @OLD_COLLATION_CONNECTION=@@COLLATION_CONNECTION */;
/*!40101 SET NAMES utf8mb4 */;

--
-- Database: `choras`
--

-- --------------------------------------------------------

--
-- Table structure for table `all_payments_tbl`
--

CREATE TABLE `all_payments_tbl` (
  `ID` int(11) NOT NULL,
  `STUDENT` int(11) NOT NULL,
  `AMOUNT_PAID` int(11) NOT NULL,
  `EXPIRE_DATE` date NOT NULL,
  `ALERT` tinyint(1) NOT NULL,
  `SESSION` varchar(100) NOT NULL,
  `CLASS` int(11) NOT NULL,
  `TERM` int(11) NOT NULL,
  `CREATION_DATE` timestamp NOT NULL DEFAULT current_timestamp()
) ENGINE=InnoDB DEFAULT CHARSET=latin1;

--
-- Dumping data for table `all_payments_tbl`
--

INSERT INTO `all_payments_tbl` (`ID`, `STUDENT`, `AMOUNT_PAID`, `EXPIRE_DATE`, `ALERT`, `SESSION`, `CLASS`, `TERM`, `CREATION_DATE`) VALUES
(1, 1, 20000, '2019-09-19', 0, '2019-2020', 1, 1, '2019-09-04 14:22:43'),
(2, 3, 30000, '2019-09-21', 0, '2019-2020', 1, 1, '2019-09-04 14:23:04'),
(3, 3, 10000, '2019-09-25', 0, '2019-2020', 1, 2, '2019-09-04 14:43:17'),
(4, 3, 10000, '2019-09-17', 0, '2019-2020', 1, 2, '2019-09-04 14:44:16'),
(5, 3, 10000, '2019-09-27', 0, '2019-2020', 1, 1, '2019-09-04 14:52:43'),
(6, 3, 20000, '2019-09-30', 0, '2019-2020', 1, 2, '2019-09-04 14:53:03'),
(7, 5, 50000, '2019-09-18', 0, '2020-2021', 3, 5, '2019-09-05 11:32:09');

-- --------------------------------------------------------

--
-- Table structure for table `ci_sessions`
--

CREATE TABLE `ci_sessions` (
  `id` varchar(128) NOT NULL,
  `ip_address` varchar(45) NOT NULL,
  `timestamp` int(10) UNSIGNED NOT NULL DEFAULT 0,
  `data` blob NOT NULL
) ENGINE=InnoDB DEFAULT CHARSET=latin1;

--
-- Dumping data for table `ci_sessions`
--

INSERT INTO `ci_sessions` (`id`, `ip_address`, `timestamp`, `data`) VALUES
('rjruju6u442jmkl96jm5bo6c0kg4cqe6', '::1', 1567585446, 0x5f5f63695f6c6173745f726567656e65726174657c693a313536373538353434363b6c6f67696e5f69647c733a313a2233223b6c6f67696e5f656d61696c7c733a31353a2261646d696e4061646d696e2e636f6d223b6c6f67696e5f6e616d657c733a393a224d722e2041646d696e223b6c6f67696e5f707269767c733a353a2261646d696e223b6c6f67696e5f636865636b7c733a363a22676f40796573223b636f6d706c657465647c733a32393a22416374696f6e20436f6d706c65746564205375636365737366756c6c79223b5f5f63695f766172737c613a313a7b733a393a22636f6d706c65746564223b733a333a226f6c64223b7d),
('kso0vjqmpn3skphg22h4kblhu8gl0uqa', '::1', 1567585446, 0x5f5f63695f6c6173745f726567656e65726174657c693a313536373538353434363b6c6f67696e5f69647c733a313a2233223b6c6f67696e5f656d61696c7c733a31353a2261646d696e4061646d696e2e636f6d223b6c6f67696e5f6e616d657c733a393a224d722e2041646d696e223b6c6f67696e5f707269767c733a353a2261646d696e223b6c6f67696e5f636865636b7c733a363a22676f40796573223b),
('viqlkoe1rde1ntacnu3hmhk103ah0jrb', '::1', 1567595555, 0x5f5f63695f6c6173745f726567656e65726174657c693a313536373539353535353b6c6f67696e5f69647c733a313a2233223b6c6f67696e5f656d61696c7c733a31353a2261646d696e4061646d696e2e636f6d223b6c6f67696e5f6e616d657c733a393a224d722e2041646d696e223b6c6f67696e5f707269767c733a353a2261646d696e223b6c6f67696e5f636865636b7c733a363a22676f40796573223b),
('1k9en2aspjnsh2d1ptns4gkqbf3rpmm8', '::1', 1567596212, 0x5f5f63695f6c6173745f726567656e65726174657c693a313536373539363231323b6c6f67696e5f69647c733a313a2233223b6c6f67696e5f656d61696c7c733a31353a2261646d696e4061646d696e2e636f6d223b6c6f67696e5f6e616d657c733a393a224d722e2041646d696e223b6c6f67696e5f707269767c733a353a2261646d696e223b6c6f67696e5f636865636b7c733a363a22676f40796573223b),
('lre1f89jpud4b5ab6iq5a0q5d8610h1f', '::1', 1567596637, 0x5f5f63695f6c6173745f726567656e65726174657c693a313536373539363633373b6c6f67696e5f69647c733a313a2233223b6c6f67696e5f656d61696c7c733a31353a2261646d696e4061646d696e2e636f6d223b6c6f67696e5f6e616d657c733a393a224d722e2041646d696e223b6c6f67696e5f707269767c733a353a2261646d696e223b6c6f67696e5f636865636b7c733a363a22676f40796573223b),
('87s68u3orlu45gif3u3f65gtt7jgvar6', '::1', 1567596638, 0x5f5f63695f6c6173745f726567656e65726174657c693a313536373539363633373b6c6f67696e5f69647c733a313a2233223b6c6f67696e5f656d61696c7c733a31353a2261646d696e4061646d696e2e636f6d223b6c6f67696e5f6e616d657c733a393a224d722e2041646d696e223b6c6f67696e5f707269767c733a353a2261646d696e223b6c6f67696e5f636865636b7c733a363a22676f40796573223b),
('kf38u5ve0uq8ulvh5tgafi17uithd6m9', '::1', 1567606732, 0x5f5f63695f6c6173745f726567656e65726174657c693a313536373630363733323b6c6f67696e5f69647c733a313a2233223b6c6f67696e5f656d61696c7c733a31353a2261646d696e4061646d696e2e636f6d223b6c6f67696e5f6e616d657c733a393a224d722e2041646d696e223b6c6f67696e5f707269767c733a353a2261646d696e223b6c6f67696e5f636865636b7c733a363a22676f40796573223b),
('e2rr5ilpo4t89ojuid52hmjmmrvffohn', '::1', 1567607073, 0x5f5f63695f6c6173745f726567656e65726174657c693a313536373630373037333b6c6f67696e5f69647c733a313a2233223b6c6f67696e5f656d61696c7c733a31353a2261646d696e4061646d696e2e636f6d223b6c6f67696e5f6e616d657c733a393a224d722e2041646d696e223b6c6f67696e5f707269767c733a353a2261646d696e223b6c6f67696e5f636865636b7c733a363a22676f40796573223b),
('3c7hni162c51mpvmbr6djn5ghbmlrq6h', '::1', 1567607397, 0x5f5f63695f6c6173745f726567656e65726174657c693a313536373630373339373b6c6f67696e5f69647c733a313a2233223b6c6f67696e5f656d61696c7c733a31353a2261646d696e4061646d696e2e636f6d223b6c6f67696e5f6e616d657c733a393a224d722e2041646d696e223b6c6f67696e5f707269767c733a353a2261646d696e223b6c6f67696e5f636865636b7c733a363a22676f40796573223b),
('ushmqefna80d8j50rtms7spf5hubqf77', '::1', 1567607713, 0x5f5f63695f6c6173745f726567656e65726174657c693a313536373630373731333b6c6f67696e5f69647c733a313a2233223b6c6f67696e5f656d61696c7c733a31353a2261646d696e4061646d696e2e636f6d223b6c6f67696e5f6e616d657c733a393a224d722e2041646d696e223b6c6f67696e5f707269767c733a353a2261646d696e223b6c6f67696e5f636865636b7c733a363a22676f40796573223b),
('uviml3sg2eg0vmp28l2ch711dgf60usi', '::1', 1567608018, 0x5f5f63695f6c6173745f726567656e65726174657c693a313536373630383031383b6c6f67696e5f69647c733a313a2233223b6c6f67696e5f656d61696c7c733a31353a2261646d696e4061646d696e2e636f6d223b6c6f67696e5f6e616d657c733a393a224d722e2041646d696e223b6c6f67696e5f707269767c733a353a2261646d696e223b6c6f67696e5f636865636b7c733a363a22676f40796573223b),
('sj055226ul4v6tsvgsannbmp9m595n94', '::1', 1567608395, 0x5f5f63695f6c6173745f726567656e65726174657c693a313536373630383339353b6c6f67696e5f69647c733a313a2233223b6c6f67696e5f656d61696c7c733a31353a2261646d696e4061646d696e2e636f6d223b6c6f67696e5f6e616d657c733a393a224d722e2041646d696e223b6c6f67696e5f707269767c733a353a2261646d696e223b6c6f67696e5f636865636b7c733a363a22676f40796573223b636f6d706c657465647c733a32393a22416374696f6e20436f6d706c65746564205375636365737366756c6c79223b5f5f63695f766172737c613a313a7b733a393a22636f6d706c65746564223b733a333a226f6c64223b7d),
('ddtf8fi5ss05q3uga4eilemt9sdj1p67', '::1', 1567608696, 0x5f5f63695f6c6173745f726567656e65726174657c693a313536373630383639363b6c6f67696e5f69647c733a313a2233223b6c6f67696e5f656d61696c7c733a31353a2261646d696e4061646d696e2e636f6d223b6c6f67696e5f6e616d657c733a393a224d722e2041646d696e223b6c6f67696e5f707269767c733a353a2261646d696e223b6c6f67696e5f636865636b7c733a363a22676f40796573223b),
('39ik1nl8hh82aooingl16ugo20p9n3od', '::1', 1567609006, 0x5f5f63695f6c6173745f726567656e65726174657c693a313536373630393030363b6c6f67696e5f69647c733a313a2233223b6c6f67696e5f656d61696c7c733a31353a2261646d696e4061646d696e2e636f6d223b6c6f67696e5f6e616d657c733a393a224d722e2041646d696e223b6c6f67696e5f707269767c733a353a2261646d696e223b6c6f67696e5f636865636b7c733a363a22676f40796573223b),
('gnu3oou7cpu478mm0t5l5h9h0ct7vamb', '::1', 1567609360, 0x5f5f63695f6c6173745f726567656e65726174657c693a313536373630393336303b6c6f67696e5f69647c733a313a2233223b6c6f67696e5f656d61696c7c733a31353a2261646d696e4061646d696e2e636f6d223b6c6f67696e5f6e616d657c733a393a224d722e2041646d696e223b6c6f67696e5f707269767c733a353a2261646d696e223b6c6f67696e5f636865636b7c733a363a22676f40796573223b),
('bq2jte1j55l6epg9nchvg0inusm2l8ug', '::1', 1567609672, 0x5f5f63695f6c6173745f726567656e65726174657c693a313536373630393637323b6c6f67696e5f69647c733a313a2233223b6c6f67696e5f656d61696c7c733a31353a2261646d696e4061646d696e2e636f6d223b6c6f67696e5f6e616d657c733a393a224d722e2041646d696e223b6c6f67696e5f707269767c733a353a2261646d696e223b6c6f67696e5f636865636b7c733a363a22676f40796573223b),
('ohkp5isr1hv5863qkkacmtvme9kqj6sn', '::1', 1567609985, 0x5f5f63695f6c6173745f726567656e65726174657c693a313536373630393938353b6c6f67696e5f69647c733a313a2233223b6c6f67696e5f656d61696c7c733a31353a2261646d696e4061646d696e2e636f6d223b6c6f67696e5f6e616d657c733a393a224d722e2041646d696e223b6c6f67696e5f707269767c733a353a2261646d696e223b6c6f67696e5f636865636b7c733a363a22676f40796573223b),
('ndqrn23srlc4ehvnlam9hhg559hnvikj', '::1', 1567610367, 0x5f5f63695f6c6173745f726567656e65726174657c693a313536373631303336373b6c6f67696e5f69647c733a313a2233223b6c6f67696e5f656d61696c7c733a31353a2261646d696e4061646d696e2e636f6d223b6c6f67696e5f6e616d657c733a393a224d722e2041646d696e223b6c6f67696e5f707269767c733a353a2261646d696e223b6c6f67696e5f636865636b7c733a363a22676f40796573223b),
('4nk78petns7op53kmgllgkb96oaq81fi', '::1', 1567610731, 0x5f5f63695f6c6173745f726567656e65726174657c693a313536373631303733313b6c6f67696e5f69647c733a313a2233223b6c6f67696e5f656d61696c7c733a31353a2261646d696e4061646d696e2e636f6d223b6c6f67696e5f6e616d657c733a393a224d722e2041646d696e223b6c6f67696e5f707269767c733a353a2261646d696e223b6c6f67696e5f636865636b7c733a363a22676f40796573223b),
('lkbvn8ibt369n0t5vpr5rea8lh59c7c7', '::1', 1567610855, 0x5f5f63695f6c6173745f726567656e65726174657c693a313536373631303733313b6c6f67696e5f69647c733a313a2233223b6c6f67696e5f656d61696c7c733a31353a2261646d696e4061646d696e2e636f6d223b6c6f67696e5f6e616d657c733a393a224d722e2041646d696e223b6c6f67696e5f707269767c733a353a2261646d696e223b6c6f67696e5f636865636b7c733a363a22676f40796573223b),
('f105bm840i2agstl4dskh08a3hdb7hg0', '::1', 1567610918, 0x5f5f63695f6c6173745f726567656e65726174657c693a313536373631303837373b6c6f67696e5f69647c733a313a2233223b6c6f67696e5f656d61696c7c733a31353a2261646d696e4061646d696e2e636f6d223b6c6f67696e5f6e616d657c733a393a224d722e2041646d696e223b6c6f67696e5f707269767c733a353a2261646d696e223b6c6f67696e5f636865636b7c733a363a22676f40796573223b),
('v85ef4dd5qeubfhftkt8tqlqrvlm2gkt', '::1', 1567683232, 0x5f5f63695f6c6173745f726567656e65726174657c693a313536373638333233323b6c6f67696e5f69647c733a313a2233223b6c6f67696e5f656d61696c7c733a31353a2261646d696e4061646d696e2e636f6d223b6c6f67696e5f6e616d657c733a393a224d722e2041646d696e223b6c6f67696e5f707269767c733a353a2261646d696e223b6c6f67696e5f636865636b7c733a363a22676f40796573223b),
('lu21mg4vutrvmgtgke7c6rldusqq1vc5', '::1', 1567683542, 0x5f5f63695f6c6173745f726567656e65726174657c693a313536373638333534323b6c6f67696e5f69647c733a313a2233223b6c6f67696e5f656d61696c7c733a31353a2261646d696e4061646d696e2e636f6d223b6c6f67696e5f6e616d657c733a393a224d722e2041646d696e223b6c6f67696e5f707269767c733a353a2261646d696e223b6c6f67696e5f636865636b7c733a363a22676f40796573223b),
('35hv8uu3tlaqjjtfl3hh12uqb9f1auet', '::1', 1567684372, 0x5f5f63695f6c6173745f726567656e65726174657c693a313536373638343337323b6c6f67696e5f69647c733a313a2233223b6c6f67696e5f656d61696c7c733a31353a2261646d696e4061646d696e2e636f6d223b6c6f67696e5f6e616d657c733a393a224d722e2041646d696e223b6c6f67696e5f707269767c733a353a2261646d696e223b6c6f67696e5f636865636b7c733a363a22676f40796573223b),
('ttn592o8rp48inbqglk0di4oii2ptcoe', '::1', 1567684788, 0x5f5f63695f6c6173745f726567656e65726174657c693a313536373638343738383b6c6f67696e5f69647c733a313a2233223b6c6f67696e5f656d61696c7c733a31353a2261646d696e4061646d696e2e636f6d223b6c6f67696e5f6e616d657c733a393a224d722e2041646d696e223b6c6f67696e5f707269767c733a353a2261646d696e223b6c6f67696e5f636865636b7c733a363a22676f40796573223b),
('0422km7upiqiucmbudbbp1slaask8tv4', '::1', 1567685121, 0x5f5f63695f6c6173745f726567656e65726174657c693a313536373638353132313b6c6f67696e5f69647c733a313a2233223b6c6f67696e5f656d61696c7c733a31353a2261646d696e4061646d696e2e636f6d223b6c6f67696e5f6e616d657c733a393a224d722e2041646d696e223b6c6f67696e5f707269767c733a353a2261646d696e223b6c6f67696e5f636865636b7c733a363a22676f40796573223b),
('j73m3kaa3goig5idkmhuh7lh0m4hagg1', '::1', 1567685529, 0x5f5f63695f6c6173745f726567656e65726174657c693a313536373638353532393b6c6f67696e5f69647c733a313a2233223b6c6f67696e5f656d61696c7c733a31353a2261646d696e4061646d696e2e636f6d223b6c6f67696e5f6e616d657c733a393a224d722e2041646d696e223b6c6f67696e5f707269767c733a353a2261646d696e223b6c6f67696e5f636865636b7c733a363a22676f40796573223b),
('jk5e68ue7ci68hpgombim735ra2jg2pj', '::1', 1567685834, 0x5f5f63695f6c6173745f726567656e65726174657c693a313536373638353833343b6c6f67696e5f69647c733a313a2233223b6c6f67696e5f656d61696c7c733a31353a2261646d696e4061646d696e2e636f6d223b6c6f67696e5f6e616d657c733a393a224d722e2041646d696e223b6c6f67696e5f707269767c733a353a2261646d696e223b6c6f67696e5f636865636b7c733a363a22676f40796573223b),
('sdtrvn8qtd0er79h1plhqcfuuh1n476r', '::1', 1567686091, 0x5f5f63695f6c6173745f726567656e65726174657c693a313536373638363030333b6c6f67696e5f69647c733a313a2231223b6c6f67696e5f656d61696c7c733a31363a2264616e69656c40656d61696c2e636f6d223b6c6f67696e5f6e616d657c733a383a2244616e69656c204e223b6c6f67696e5f70686f6e657c733a31303a2230393039393039393039223b6c6f67696e5f636865636b7c733a393a22676f40706172656e74223b);

-- --------------------------------------------------------

--
-- Table structure for table `class_tbl`
--

CREATE TABLE `class_tbl` (
  `ID` int(11) NOT NULL,
  `NAME` varchar(100) NOT NULL,
  `FEES` int(11) NOT NULL,
  `SESSION` varchar(100) NOT NULL,
  `CREATION_DATE` timestamp NOT NULL DEFAULT current_timestamp()
) ENGINE=InnoDB DEFAULT CHARSET=latin1;

--
-- Dumping data for table `class_tbl`
--

INSERT INTO `class_tbl` (`ID`, `NAME`, `FEES`, `SESSION`, `CREATION_DATE`) VALUES
(1, 'JSS 1', 80000, '2019-2020', '2019-09-04 14:13:48'),
(2, 'JSS 2', 84000, '2019-2020', '2019-09-04 14:14:00'),
(3, 'JSS 1', 70000, '2020-2021', '2019-09-04 14:40:33');

-- --------------------------------------------------------

--
-- Table structure for table `parent_tbl`
--

CREATE TABLE `parent_tbl` (
  `ID` int(11) NOT NULL,
  `NAME` varchar(200) NOT NULL,
  `PHONE` varchar(100) NOT NULL,
  `ADDRESS` varchar(200) NOT NULL,
  `EMAIL` varchar(150) NOT NULL,
  `PASSWORD` varchar(150) NOT NULL,
  `CREATION_DATE` timestamp NOT NULL DEFAULT current_timestamp()
) ENGINE=InnoDB DEFAULT CHARSET=latin1;

--
-- Dumping data for table `parent_tbl`
--

INSERT INTO `parent_tbl` (`ID`, `NAME`, `PHONE`, `ADDRESS`, `EMAIL`, `PASSWORD`, `CREATION_DATE`) VALUES
(1, 'Daniel N', '0909909909', 'Street Road 1', 'daniel@email.com', '41ffd18721f8aff835430d445b33b69b47c4b541', '2019-09-04 14:12:40'),
(2, 'Amos N.', '0807789878', 'Spring Road', 'amos@email.com', '85b9de16649301bb49b5ad97a1d628b30ff53793', '2019-09-04 14:13:29');

-- --------------------------------------------------------

--
-- Table structure for table `payment_tbl`
--

CREATE TABLE `payment_tbl` (
  `ID` int(11) NOT NULL,
  `STUDENT` int(11) NOT NULL,
  `TOTAL_AMOUNT` int(11) NOT NULL,
  `AMOUNT_PAID` int(11) NOT NULL,
  `AMOUNT_PENDING` int(11) NOT NULL,
  `SESSION` varchar(100) NOT NULL
) ENGINE=InnoDB DEFAULT CHARSET=latin1;

--
-- Dumping data for table `payment_tbl`
--

INSERT INTO `payment_tbl` (`ID`, `STUDENT`, `TOTAL_AMOUNT`, `AMOUNT_PAID`, `AMOUNT_PENDING`, `SESSION`) VALUES
(1, 1, 80000, 20000, 60000, '2019-2020'),
(2, 2, 80000, 0, 80000, '2019-2020'),
(3, 3, 80000, 80000, 0, '2019-2020'),
(4, 4, 84000, 0, 84000, '2019-2020'),
(5, 5, 70000, 50000, 20000, '2020-2021');

-- --------------------------------------------------------

--
-- Table structure for table `settings_tbl`
--

CREATE TABLE `settings_tbl` (
  `ID` int(11) NOT NULL,
  `NAME` varchar(100) NOT NULL,
  `ADDRESS` varchar(200) NOT NULL,
  `PHONE` varchar(100) NOT NULL,
  `SESSION` varchar(100) NOT NULL,
  `BANK` varchar(200) NOT NULL,
  `ACC_NAME` varchar(150) NOT NULL,
  `ACC_NUMBER` varchar(100) NOT NULL,
  `CREATION_DATE` timestamp NOT NULL DEFAULT current_timestamp()
) ENGINE=InnoDB DEFAULT CHARSET=latin1;

--
-- Dumping data for table `settings_tbl`
--

INSERT INTO `settings_tbl` (`ID`, `NAME`, `ADDRESS`, `PHONE`, `SESSION`, `BANK`, `ACC_NAME`, `ACC_NUMBER`, `CREATION_DATE`) VALUES
(1, 'Choras Int. Schools', 'School Road', '08093883943', '2020-2021', 'GT BANK', 'Choras Int.', '009844384', '2019-08-25 17:04:27');

-- --------------------------------------------------------

--
-- Table structure for table `student`
--

CREATE TABLE `student` (
  `ID` int(11) NOT NULL,
  `PARENT` int(11) NOT NULL,
  `NAME` varchar(200) NOT NULL,
  `CLASS` int(11) NOT NULL,
  `SESSION` varchar(100) NOT NULL,
  `CREATION_DATE` timestamp NOT NULL DEFAULT current_timestamp()
) ENGINE=InnoDB DEFAULT CHARSET=latin1;

--
-- Dumping data for table `student`
--

INSERT INTO `student` (`ID`, `PARENT`, `NAME`, `CLASS`, `SESSION`, `CREATION_DATE`) VALUES
(1, 2, 'Alli Amos', 1, '2019-2020', '2019-09-04 14:20:27'),
(2, 2, 'Rose Amos', 1, '2019-2020', '2019-09-04 14:20:42'),
(3, 1, 'Paul Daniel', 1, '2019-2020', '2019-09-04 14:21:10'),
(4, 1, 'Mary Daniel', 2, '2019-2020', '2019-09-04 14:21:29'),
(5, 1, 'Paul Daniel', 3, '2020-2021', '2019-09-05 11:31:42');

-- --------------------------------------------------------

--
-- Table structure for table `term_tbl`
--

CREATE TABLE `term_tbl` (
  `ID` int(11) NOT NULL,
  `CLASS_ID` int(11) NOT NULL,
  `NAME` varchar(100) NOT NULL,
  `FEES` int(11) NOT NULL,
  `SESSION` varchar(100) NOT NULL,
  `CREATION_DATE` timestamp NOT NULL DEFAULT current_timestamp()
) ENGINE=InnoDB DEFAULT CHARSET=latin1;

--
-- Dumping data for table `term_tbl`
--

INSERT INTO `term_tbl` (`ID`, `CLASS_ID`, `NAME`, `FEES`, `SESSION`, `CREATION_DATE`) VALUES
(1, 1, 'First Term', 40000, '2019-2020', '2019-09-04 14:18:52'),
(2, 1, 'Second Term', 40000, '2019-2020', '2019-09-04 14:19:12'),
(3, 2, 'First Term', 45000, '2019-2020', '2019-09-04 14:19:36'),
(4, 2, 'Second Term', 39000, '2019-2020', '2019-09-04 14:20:02'),
(5, 3, 'Third Term', 70000, '2020-2021', '2019-09-04 14:41:09');

-- --------------------------------------------------------

--
-- Table structure for table `users_tbl`
--

CREATE TABLE `users_tbl` (
  `ID` int(11) NOT NULL,
  `NAME` varchar(200) NOT NULL,
  `EMAIL` varchar(100) NOT NULL,
  `PASSWORD` varchar(200) NOT NULL,
  `PRIV` varchar(100) NOT NULL,
  `CREATION_DATE` timestamp NOT NULL DEFAULT current_timestamp()
) ENGINE=InnoDB DEFAULT CHARSET=latin1;

--
-- Dumping data for table `users_tbl`
--

INSERT INTO `users_tbl` (`ID`, `NAME`, `EMAIL`, `PASSWORD`, `PRIV`, `CREATION_DATE`) VALUES
(3, 'Mr. Admin', 'admin@admin.com', '236b214a419b4f44502c8c94f9675c4040906a52', 'admin', '2019-09-02 13:36:20'),
(4, 'Mr. Standard', 'standard@admin.com', 'f525724c4aaaa913cca4c04833d3de48bfc73cb3', 'standard', '2019-09-02 13:36:51');

--
-- Indexes for dumped tables
--

--
-- Indexes for table `all_payments_tbl`
--
ALTER TABLE `all_payments_tbl`
  ADD PRIMARY KEY (`ID`);

--
-- Indexes for table `class_tbl`
--
ALTER TABLE `class_tbl`
  ADD PRIMARY KEY (`ID`);

--
-- Indexes for table `parent_tbl`
--
ALTER TABLE `parent_tbl`
  ADD PRIMARY KEY (`ID`);

--
-- Indexes for table `payment_tbl`
--
ALTER TABLE `payment_tbl`
  ADD PRIMARY KEY (`ID`);

--
-- Indexes for table `settings_tbl`
--
ALTER TABLE `settings_tbl`
  ADD PRIMARY KEY (`ID`);

--
-- Indexes for table `student`
--
ALTER TABLE `student`
  ADD PRIMARY KEY (`ID`);

--
-- Indexes for table `term_tbl`
--
ALTER TABLE `term_tbl`
  ADD PRIMARY KEY (`ID`);

--
-- Indexes for table `users_tbl`
--
ALTER TABLE `users_tbl`
  ADD PRIMARY KEY (`ID`);

--
-- AUTO_INCREMENT for dumped tables
--

--
-- AUTO_INCREMENT for table `all_payments_tbl`
--
ALTER TABLE `all_payments_tbl`
  MODIFY `ID` int(11) NOT NULL AUTO_INCREMENT, AUTO_INCREMENT=8;

--
-- AUTO_INCREMENT for table `class_tbl`
--
ALTER TABLE `class_tbl`
  MODIFY `ID` int(11) NOT NULL AUTO_INCREMENT, AUTO_INCREMENT=4;

--
-- AUTO_INCREMENT for table `parent_tbl`
--
ALTER TABLE `parent_tbl`
  MODIFY `ID` int(11) NOT NULL AUTO_INCREMENT, AUTO_INCREMENT=3;

--
-- AUTO_INCREMENT for table `payment_tbl`
--
ALTER TABLE `payment_tbl`
  MODIFY `ID` int(11) NOT NULL AUTO_INCREMENT, AUTO_INCREMENT=6;

--
-- AUTO_INCREMENT for table `settings_tbl`
--
ALTER TABLE `settings_tbl`
  MODIFY `ID` int(11) NOT NULL AUTO_INCREMENT, AUTO_INCREMENT=2;

--
-- AUTO_INCREMENT for table `student`
--
ALTER TABLE `student`
  MODIFY `ID` int(11) NOT NULL AUTO_INCREMENT, AUTO_INCREMENT=6;

--
-- AUTO_INCREMENT for table `term_tbl`
--
ALTER TABLE `term_tbl`
  MODIFY `ID` int(11) NOT NULL AUTO_INCREMENT, AUTO_INCREMENT=6;

--
-- AUTO_INCREMENT for table `users_tbl`
--
ALTER TABLE `users_tbl`
  MODIFY `ID` int(11) NOT NULL AUTO_INCREMENT, AUTO_INCREMENT=5;
COMMIT;

/*!40101 SET CHARACTER_SET_CLIENT=@OLD_CHARACTER_SET_CLIENT */;
/*!40101 SET CHARACTER_SET_RESULTS=@OLD_CHARACTER_SET_RESULTS */;
/*!40101 SET COLLATION_CONNECTION=@OLD_COLLATION_CONNECTION */;
